{"cameraMode":{"drawMode":0,"name":"Shaded","section":"Shading Mode"},"sceneLighting":true,"audioPlay":false,"sceneViewState":{"m_AlwaysRefresh":false,"showFog":true,"showSkybox":true,"showFlares":true,"showImageEffects":true,"showParticleSystems":true,"showVisualEffectGraphs":true,"m_FxEnabled":false},"in2DMode":false,"pivot":{"x":6.939996242523193,"y":-117.06788635253906,"z":236.68377685546876},"rotation":{"x":-0.24643974006175996,"y":-0.005558950360864401,"z":0.0013603593688458205,"w":-0.9691789150238037},"size":148.96128845214845,"orthographic":false}