{"cameraMode":{"drawMode":0,"name":"Shaded","section":"Shading Mode"},"sceneLighting":true,"audioPlay":false,"sceneViewState":{"m_AlwaysRefresh":false,"showFog":true,"showSkybox":true,"showFlares":true,"showImageEffects":true,"showParticleSystems":true,"showVisualEffectGraphs":true,"m_FxEnabled":false},"in2DMode":false,"pivot":{"x":-186.51480102539063,"y":8.650419235229493,"z":78.90132904052735},"rotation":{"x":0.023123933002352716,"y":0.603943407535553,"z":0.017658686265349389,"w":-0.7963911294937134},"size":163.89149475097657,"orthographic":false}