{"cameraMode":{"drawMode":0,"name":"Shaded","section":"Shading Mode"},"sceneLighting":true,"audioPlay":false,"sceneViewState":{"m_AlwaysRefresh":false,"showFog":true,"showSkybox":true,"showFlares":true,"showImageEffects":true,"showParticleSystems":true,"showVisualEffectGraphs":true,"m_FxEnabled":false},"in2DMode":false,"pivot":{"x":40.913551330566409,"y":50.75297927856445,"z":17.157808303833009},"rotation":{"x":-0.24030551314353944,"y":0.6222728490829468,"z":-0.20861025154590608,"w":-0.7146058082580566},"size":12.127243041992188,"orthographic":false}