{"cameraMode":{"drawMode":0,"name":"Shaded","section":"Shading Mode"},"sceneLighting":true,"audioPlay":false,"sceneViewState":{"m_AlwaysRefresh":false,"showFog":true,"showSkybox":true,"showFlares":true,"showImageEffects":true,"showParticleSystems":true,"showVisualEffectGraphs":true,"m_FxEnabled":false},"in2DMode":false,"pivot":{"x":19.83420181274414,"y":6.1891045570373539,"z":103.61155700683594},"rotation":{"x":-0.12258784472942352,"y":-0.025630420073866845,"z":0.003458434483036399,"w":-0.9917125105857849},"size":88.79794311523438,"orthographic":false}