{"cameraMode":{"drawMode":0,"name":"Shaded","section":"Shading Mode"},"sceneLighting":true,"audioPlay":false,"sceneViewState":{"m_AlwaysRefresh":false,"showFog":true,"showSkybox":true,"showFlares":true,"showImageEffects":true,"showParticleSystems":true,"showVisualEffectGraphs":true,"m_FxEnabled":false},"in2DMode":false,"pivot":{"x":16.41425323486328,"y":3.252384901046753,"z":0.5629367828369141},"rotation":{"x":-0.05235800892114639,"y":-0.0545702800154686,"z":0.003100605681538582,"w":-0.9967072606086731},"size":12.127243041992188,"orthographic":false}