{"cameraMode":{"drawMode":0,"name":"Shaded","section":"Shading Mode"},"sceneLighting":true,"audioPlay":false,"sceneViewState":{"m_AlwaysRefresh":false,"showFog":true,"showSkybox":true,"showFlares":true,"showImageEffects":true,"showParticleSystems":true,"showVisualEffectGraphs":true,"m_FxEnabled":false},"in2DMode":false,"pivot":{"x":-35.434940338134769,"y":-13.21020221710205,"z":221.7736053466797},"rotation":{"x":0.09075210243463516,"y":-0.11593633145093918,"z":0.010648717172443867,"w":0.9890753626823425},"size":119.77670288085938,"orthographic":false}