{"cameraMode":{"drawMode":0,"name":"Shaded","section":"Shading Mode"},"sceneLighting":true,"audioPlay":false,"sceneViewState":{"m_AlwaysRefresh":false,"showFog":true,"showSkybox":true,"showFlares":true,"showImageEffects":true,"showParticleSystems":true,"showVisualEffectGraphs":true,"m_FxEnabled":false},"in2DMode":false,"pivot":{"x":25.80938148498535,"y":21.167606353759767,"z":-43.945186614990237},"rotation":{"x":0.06575896590948105,"y":-0.2216806560754776,"z":0.015004054643213749,"w":0.9728066325187683},"size":1.032751441001892,"orthographic":false}