{"cameraMode":{"drawMode":0,"name":"Shaded","section":"Shading Mode"},"sceneLighting":true,"audioPlay":false,"sceneViewState":{"m_AlwaysRefresh":false,"showFog":true,"showSkybox":true,"showFlares":true,"showImageEffects":true,"showParticleSystems":true,"showVisualEffectGraphs":true,"m_FxEnabled":false},"in2DMode":false,"pivot":{"x":189.37010192871095,"y":-180.81394958496095,"z":766.317138671875},"rotation":{"x":0.11588265746831894,"y":0.11118686199188233,"z":-0.013629764318466187,"w":0.9865024089813232},"size":409.6132507324219,"orthographic":false}