{"cameraMode":{"drawMode":0,"name":"Shaded","section":"Shading Mode"},"sceneLighting":true,"audioPlay":false,"sceneViewState":{"m_AlwaysRefresh":false,"showFog":true,"showSkybox":true,"showFlares":true,"showImageEffects":true,"showParticleSystems":true,"showVisualEffectGraphs":true,"m_FxEnabled":false},"in2DMode":false,"pivot":{"x":-129.47801208496095,"y":-64.18245697021485,"z":399.6241455078125},"rotation":{"x":0.16283071041107179,"y":-0.12952060997486115,"z":0.02160531096160412,"w":0.9779151082038879},"size":119.77670288085938,"orthographic":false}