{"cameraMode":{"drawMode":0,"name":"Shaded","section":"Shading Mode"},"sceneLighting":true,"audioPlay":false,"sceneViewState":{"m_AlwaysRefresh":false,"showFog":true,"showSkybox":true,"showFlares":true,"showImageEffects":true,"showParticleSystems":true,"showVisualEffectGraphs":true,"m_FxEnabled":false},"in2DMode":false,"pivot":{"x":2.5905301570892336,"y":2.2546238899230959,"z":66.81658172607422},"rotation":{"x":0.20900192856788636,"y":-0.08774841576814652,"z":0.018682630732655526,"w":0.973360538482666},"size":12.127243041992188,"orthographic":false}