{"cameraMode":{"drawMode":0,"name":"Shaded","section":"Shading Mode"},"sceneLighting":true,"audioPlay":false,"sceneViewState":{"m_AlwaysRefresh":false,"showFog":true,"showSkybox":true,"showFlares":true,"showImageEffects":true,"showParticleSystems":true,"showVisualEffectGraphs":true,"m_FxEnabled":false},"in2DMode":false,"pivot":{"x":331.9174499511719,"y":157.75843811035157,"z":-56.203250885009769},"rotation":{"x":0.13809719681739808,"y":-0.18474088609218598,"z":0.025718193501234056,"w":0.9722695350646973},"size":19.863574981689454,"orthographic":false}