{"cameraMode":{"drawMode":0,"name":"Shaded","section":"Shading Mode"},"sceneLighting":true,"audioPlay":false,"sceneViewState":{"m_AlwaysRefresh":false,"showFog":true,"showSkybox":true,"showFlares":true,"showImageEffects":true,"showParticleSystems":true,"showVisualEffectGraphs":true,"m_FxEnabled":false},"in2DMode":false,"pivot":{"x":13.06270694732666,"y":10.892106056213379,"z":43.3972282409668},"rotation":{"x":-0.038980890065431598,"y":0.01479943934828043,"z":0.00010258650581818074,"w":0.9987152218818665},"size":39.154850006103519,"orthographic":false}