{"cameraMode":{"drawMode":0,"name":"Shaded","section":"Shading Mode"},"sceneLighting":true,"audioPlay":false,"sceneViewState":{"m_AlwaysRefresh":false,"showFog":true,"showSkybox":true,"showFlares":true,"showImageEffects":true,"showParticleSystems":true,"showVisualEffectGraphs":true,"m_FxEnabled":false},"in2DMode":false,"pivot":{"x":45.486446380615237,"y":-18.073495864868165,"z":170.943603515625},"rotation":{"x":0.06696393340826035,"y":0.11943977326154709,"z":-0.008074539713561535,"w":0.9905485510826111},"size":92.64210510253906,"orthographic":false}